frame,global_frame,pointing_arm,wrist_location,eye_to_wrist_ground_intersection,shoulder_to_wrist_ground_intersection,elbow_to_wrist_ground_intersection,nose_to_wrist_ground_intersection,ground_intersection,head_orientation_ground_intersection,eye_to_wrist_vec,eye_to_wrist_dist_to_target_1,eye_to_wrist_dist_to_target_2,eye_to_wrist_dist_to_target_3,eye_to_wrist_dist_to_target_4,shoulder_to_wrist_vec,shoulder_to_wrist_dist_to_target_1,shoulder_to_wrist_dist_to_target_2,shoulder_to_wrist_dist_to_target_3,shoulder_to_wrist_dist_to_target_4,elbow_to_wrist_vec,elbow_to_wrist_dist_to_target_1,elbow_to_wrist_dist_to_target_2,elbow_to_wrist_dist_to_target_3,elbow_to_wrist_dist_to_target_4,nose_to_wrist_vec,nose_to_wrist_dist_to_target_1,nose_to_wrist_dist_to_target_2,nose_to_wrist_dist_to_target_3,nose_to_wrist_dist_to_target_4,head_orientation_dist_to_target_1,head_orientation_dist_to_target_2,head_orientation_dist_to_target_3,head_orientation_dist_to_target_4,head_orientation_vector,head_orientation_origin,landmarks,confidence
27,27,left,"(0.16310104727745056, -0.73740154504776, 3.997408866882324)","[0.3808606895501866, 0.0, 4.252403931169117]","[0.26646402562722593, 0.0, 3.9330354667313943]","[0.2669645856852072, 0.0, 3.726577609547336]","[0.406656744039039, 0.0, 4.291549334376441]","[0.3808606895501866, 0.0, 4.252403931169117]","[0.8871764668430785, 0.0, 0.9339696464649361]","[0.2688180091256166, 0.9103009777065147, 0.31478406560101396]",0.4564068989071927,0.23238298482964173,0.6646855301813956,1.1360467133250347,"[0.1382989466854139, 0.9866381425194647, -0.08613116202307694]",0.38159521836273946,0.1822169564425511,0.533936391998569,0.9530940961703219,"[0.13107458157958005, 0.9305922025669472, -0.3417859075288739]",0.4073860664670514,0.377817217133717,0.6146266104149223,0.9590318882244923,"[0.29329183380471424, 0.887985188904011, 0.3542064433498856]",0.47551036446146516,0.27657260153893803,0.7015594976229278,1.1742284309875215,2.956197666367983,3.230188024369873,3.3205443630965363,3.31647286812755,"[0.2786202097993574, 0.3959986039006413, -0.8749605044801194]","[-0.018498707562685013, -1.287222146987915, 3.7780921459198]","[(-0.018498707562685013, -1.287222146987915, 3.7780921459198), (-0.012120015919208527, -1.3289728164672852, 3.7919161319732666), (-0.01175016537308693, -1.3295018672943115, 3.792659282684326), (-0.011762581765651703, -1.3300774097442627, 3.7927684783935547), (-0.0446273498237133, -1.3272244930267334, 3.7865753173828125), (-0.04408762603998184, -1.328364372253418, 3.785938024520874), (-0.04439575597643852, -1.329810380935669, 3.7868242263793945), (0.019723929464817047, -1.3349189758300781, 3.915422201156616), (-0.12478114664554596, -1.334778070449829, 3.8780808448791504), (-0.00453224778175354, -1.2702114582061768, 3.82464599609375), (-0.047358039766550064, -1.2687554359436035, 3.815058946609497), (0.1010032370686531, -1.1804133653640747, 4.036082744598389), (-0.2160242199897766, -1.1768044233322144, 3.9672915935516357), (0.13214483857154846, -0.9571818113327026, 4.078129291534424), (-0.2472856342792511, -0.9267634749412537, 4.0166449546813965), (0.16310104727745056, -0.73740154504776, 3.997408866882324), (-0.22398638725280762, -0.6982718706130981, 3.9455745220184326), (0.17572727799415588, -0.6566295623779297, 3.9751367568969727), (-0.2146071493625641, -0.6206256151199341, 3.920602321624756), (0.1566409468650818, -0.6530863046646118, 3.9406752586364746), (-0.1920449435710907, -0.6261254549026489, 3.8890302181243896), (0.1523900032043457, -0.7199955582618713, 3.984055519104004), (-0.20625710487365723, -0.6836947798728943, 3.933685064315796), (0.05332512408494949, -0.7562400102615356, 4.276920795440674), (-0.15530839562416077, -0.7601534128189087, 4.238332271575928), (-0.010307028889656067, -0.3350684344768524, 4.302857398986816), (-0.10732577741146088, -0.36293208599090576, 4.260590553283691), (-0.009526774287223816, 0.023611366748809814, 4.41080379486084), (-0.09738022834062576, -0.016914308071136475, 4.390893936157227), (-0.0026081539690494537, 0.06880903244018555, 4.411979675292969), (-0.09616854786872864, 0.02835160493850708, 4.394972801208496), (0.04564797878265381, 0.11466360092163086, 4.3019490242004395), (-0.08939239382743835, 0.10294413566589355, 4.270167350769043)]",0.9754118088519934
28,28,left,"(0.1811615526676178, -0.7221348881721497, 3.96878719329834)","[0.4290042248251805, 0.0, 4.212061099407699]","[0.3142547233955053, 0.0, 3.899746172195495]","[0.32590123098053747, 0.0, 3.7133796326810415]","[0.4576815420163402, 0.0, 4.250324778322647]","[0.4290042248251805, 0.0, 4.212061099407699]","[0.831524015384973, 0.0, 0.8896070759041241]","[0.30929945232611106, 0.9012004408798004, 0.30359778350445976]",0.3961249914954416,0.24519470828560563,0.7003200808946558,1.1683074069755053,"[0.18045652408605126, 0.9791182457231087, -0.09361038300788269]",0.33081298341809373,0.22629363973259134,0.5881093828146352,0.998678830184886,"[0.18567643136811499, 0.926376447461325, -0.3276445336387235]",0.3595496490496519,0.40112473182890385,0.6715777897560767,1.0192074930526576,"[0.3360208986844449, 0.8775221446612499, 0.3421181685856779]",0.41510267461309025,0.2880732305988838,0.7374794228925717,1.2076200653280733,2.996403813896432,3.2628352708731883,3.34382945335865,3.329929557848094,"[0.2651946361108249, 0.3922593089141544, -0.8807976155441369]","[-0.030641909688711166, -1.2752618789672852, 3.753140449523926]","[(-0.030641909688711166, -1.2752618789672852, 3.753140449523926), (-0.02363693341612816, -1.317194938659668, 3.767361640930176), (-0.023266414180397987, -1.3177731037139893, 3.768127679824829), (-0.02324211411178112, -1.3183056116104126, 3.768226385116577), (-0.05645729973912239, -1.3148788213729858, 3.761902332305908), (-0.05589001998305321, -1.3160865306854248, 3.7613182067871094), (-0.056187503039836884, -1.3175431489944458, 3.7621636390686035), (0.011184792965650558, -1.3235282897949219, 3.8929271697998047), (-0.13699223101139069, -1.3219518661499023, 3.858837842941284), (-0.0162399560213089, -1.2587722539901733, 3.8003666400909424), (-0.05973944067955017, -1.2565884590148926, 3.7909188270568848), (0.09785187989473343, -1.1741552352905273, 4.012003421783447), (-0.22578436136245728, -1.1663899421691895, 3.95477294921875), (0.1357552707195282, -0.948675811290741, 4.048911094665527), (-0.255176842212677, -0.9157652854919434, 4.00098180770874), (0.1811615526676178, -0.7221348881721497, 3.96878719329834), (-0.22240620851516724, -0.6844227313995361, 3.9262754917144775), (0.19914987683296204, -0.6416564583778381, 3.9453108310699463), (-0.2122618854045868, -0.6079390048980713, 3.900414228439331), (0.18003249168395996, -0.6360720992088318, 3.910412311553955), (-0.18967458605766296, -0.6132693290710449, 3.8678982257843018), (0.17103663086891174, -0.7037946581840515, 3.954951047897339), (-0.20399874448776245, -0.6698160171508789, 3.9136502742767334), (0.056994661688804626, -0.7591629028320312, 4.279839515686035), (-0.15350526571273804, -0.7628353238105774, 4.250701904296875), (-0.009331461042165756, -0.3410709500312805, 4.288575172424316), (-0.10576693713665009, -0.3660055696964264, 4.273246765136719), (-0.012955110520124435, 0.019237399101257324, 4.409335136413574), (-0.09816250950098038, -0.022213459014892578, 4.403465747833252), (-0.006524913012981415, 0.06452363729476929, 4.411444664001465), (-0.09722445160150528, 0.023174762725830078, 4.408596038818359), (0.035832248628139496, 0.10869884490966797, 4.292166709899902), (-0.10093772411346436, 0.09943825006484985, 4.281713008880615)]",0.9742478908914508
29,29,left,"(0.2378145158290863, -0.7417548298835754, 4.0299553871154785)","[0.5451710175883279, 0.0, 4.295118949104194]","[0.4712096848104551, 0.0, 3.971709215732676]","[0.532332863807586, 0.0, 3.757523201034509]","[0.5768455439437121, 0.0, 4.337756798797875]","[0.5451710175883279, 0.0, 4.295118949104194]","[1.189888872058912, 0.0, 1.1315029002620145]","[0.3634925126058609, 0.8772299440833506, 0.31359339674648673]",0.42735404204515937,0.383449513409786,0.8337381541724367,1.3050140153657868,"[0.29930670706284734, 0.951228753145863, -0.07469507544518451]",0.1968135072414607,0.2837283808493251,0.7286212088924454,1.160490331521473,"[0.34924364941884867, 0.8795824285334793, -0.3230535942467612]",0.16732686886238796,0.4613632026593414,0.8387734947131013,1.2196238337951313,"[0.3889249493167776, 0.85091609821744, 0.3530993876989171]",0.4632736426535169,0.43256739652569265,0.8769195854816269,1.3495307388149609,2.8023920603663783,3.1170511857667944,3.2577874941060947,3.305513072887922,"[0.374986402369478, 0.4011735979168844, -0.8357301851509361]","[-0.009770240634679794, -1.2834373712539673, 3.8051767349243164]","[(-0.009770240634679794, -1.2834373712539673, 3.8051767349243164), (-0.0045935362577438354, -1.325345754623413, 3.820396661758423), (-0.004245016723871231, -1.3259260654449463, 3.821125030517578), (-0.0042514316737651825, -1.3264400959014893, 3.821216344833374), (-0.03533393144607544, -1.3233387470245361, 3.8110201358795166), (-0.034796565771102905, -1.3245131969451904, 3.8103995323181152), (-0.03503504768013954, -1.3259646892547607, 3.811359167098999), (0.01504174992442131, -1.332277536392212, 3.946894407272339), (-0.12478379905223846, -1.3311513662338257, 3.8950228691101074), (-0.002598825842142105, -1.266984462738037, 3.852816581726074), (-0.04316949099302292, -1.26524817943573, 3.8382816314697266), (0.09944860637187958, -1.181496500968933, 4.064486026763916), (-0.2242153286933899, -1.1737219095230103, 3.985607624053955), (0.15013663470745087, -0.9625746607780457, 4.111058235168457), (-0.25466251373291016, -0.9243409633636475, 4.027492523193359), (0.2378145158290863, -0.7417548298835754, 4.0299553871154785), (-0.22392882406711578, -0.6931301355361938, 3.9555044174194336), (0.2647690176963806, -0.6615327596664429, 4.00975227355957), (-0.2141270935535431, -0.6153334379196167, 3.9288363456726074), (0.2521708905696869, -0.6530252695083618, 3.9707818031311035), (-0.19041694700717926, -0.6193425059318542, 3.895322322845459), (0.23273324966430664, -0.721976101398468, 4.014805316925049), (-0.20536421239376068, -0.677538275718689, 3.941929817199707), (0.05606551840901375, -0.764353334903717, 4.310540199279785), (-0.15579524636268616, -0.7682158946990967, 4.283053874969482), (-0.010904371738433838, -0.3462776839733124, 4.316175937652588), (-0.10860388725996017, -0.3712686002254486, 4.327023506164551), (-0.013539757579565048, 0.013280808925628662, 4.439002990722656), (-0.09947974979877472, -0.03307229280471802, 4.491459846496582), (-0.007256492972373962, 0.05838572978973389, 4.441654682159424), (-0.09854742884635925, 0.011892318725585938, 4.499694347381592), (0.03493649140000343, 0.10335564613342285, 4.323436737060547), (-0.10178220272064209, 0.08970564603805542, 4.3813347816467285)]",0.9737683155319907
30,30,left,"(0.24454109370708466, -0.7428606748580933, 3.998971939086914)","[0.5561200600577613, 0.0, 4.268406706747913]","[0.48250181563987915, 0.0, 3.9436510607029582]","[0.4933080411358062, 0.0, 3.711117878701816]","[0.588535519125257, 0.0, 4.3121078293580855]","[0.5561200600577613, 0.0, 4.268406706747913]","[1.359080138246595, 0.0, 1.2464771331138924]","[0.3668127206629787, 0.8745479465759256, 0.3171975994544341]",0.39891591783934444,0.37967931244534586,0.8369228015201776,1.3066299451430774,"[0.3042966810436447, 0.9499468483752607, -0.07074259797132076]",0.17496464701134398,0.30637272206913024,0.7434131139899008,1.1692629194874014,"[0.2980609039631063, 0.8900608644172421, -0.34489325183530006]",0.22741886463009217,0.47326007882563037,0.8206987578051905,1.1854662522980404,"[0.3924698260756765, 0.8475439667535196, 0.3572627325090556]",0.4363213905520764,0.42854377961937284,0.8800662985117164,1.3515635914529953,2.7291239669351848,3.0663385978543687,3.235832016216922,3.3129794552847396,"[0.4334467444409154, 0.4064621216347628, -0.8043086866432185]","[-0.0028801225125789642, -1.277170181274414, 3.7737460136413574]","[(-0.0028801225125789642, -1.277170181274414, 3.7737460136413574), (0.002295989543199539, -1.3191053867340088, 3.7890493869781494), (0.0026049651205539703, -1.3196802139282227, 3.789760112762451), (0.0026176385581493378, -1.3201851844787598, 3.789844274520874), (-0.02636151947081089, -1.317386269569397, 3.777953624725342), (-0.02584257908165455, -1.3185417652130127, 3.777308940887451), (-0.026063602417707443, -1.3199856281280518, 3.778280019760132), (0.01742343232035637, -1.3263791799545288, 3.9152212142944336), (-0.11892406642436981, -1.3259549140930176, 3.855215072631836), (-0.002542272210121155, -1.2606936693191528, 3.8213984966278076), (-0.03866159915924072, -1.2593914270401, 3.8047173023223877), (0.10645505785942078, -1.1739346981048584, 4.031074047088623), (-0.2230791300535202, -1.1676691770553589, 3.942697525024414), (0.1734611988067627, -0.955117404460907, 4.0812201499938965), (-0.25487253069877625, -0.9191175699234009, 3.9847323894500732), (0.24454109370708466, -0.7428606748580933, 3.998971939086914), (-0.2258746325969696, -0.6878436803817749, 3.9166393280029297), (0.2687520980834961, -0.6648110151290894, 3.979524850845337), (-0.21647711098194122, -0.6094480156898499, 3.8898422718048096), (0.26366350054740906, -0.6573384404182434, 3.9392104148864746), (-0.19229039549827576, -0.6134403347969055, 3.8566954135894775), (0.23391835391521454, -0.7238569855690002, 3.9833719730377197), (-0.20712466537952423, -0.6720281839370728, 3.9030675888061523), (0.054632026702165604, -0.7562649846076965, 4.26508903503418), (-0.15760965645313263, -0.760190486907959, 4.237499713897705), (-0.009902261197566986, -0.3385140895843506, 4.272629737854004), (-0.10905414819717407, -0.36300036311149597, 4.280229568481445), (-0.011645294725894928, 0.02015554904937744, 4.392912864685059), (-0.09905297309160233, -0.024832189083099365, 4.439560413360596), (-0.004984281957149506, 0.06523293256759644, 4.395482063293457), (-0.09795817732810974, 0.020139455795288086, 4.446643829345703), (0.03951501473784447, 0.11034810543060303, 4.278542518615723), (-0.0994488000869751, 0.09778094291687012, 4.326705455780029)]",0.9733892444408301
31,31,left,"(0.2983115315437317, -0.770508885383606, 4.055081844329834)","[0.6886249170094043, 0.0, 4.3531796259457]","[0.6497838994703617, 0.0, 3.991115513857866]","[0.6672590106205684, 0.0, 3.7299452627296477]","[0.7249306021522401, 0.0, 4.401877744408084]","[0.6886249170094043, 0.0, 4.3531796259457]","[1.5837919015010389, 0.0, 1.3767279705230764]","[0.42716790591177173, 0.8432625662146943, 0.3262450376326973]",0.47599459302651215,0.5344926481171174,0.9876479513879161,1.4596440245714313,"[0.41383829350664375, 0.9072294477653535, -0.0753166378357441]",0.11411752987203364,0.4420619873055437,0.9042849798563019,1.3400911336193828,"[0.40363249923371797, 0.8429449846556673, -0.355702907503157]",0.15400394257902203,0.5770569709399347,0.9746968828538418,1.356410892415465,"[0.4507099287324851, 0.8140189427623433, 0.36637920378486954]",0.5287930246195602,0.5899840997545039,1.0375743169939082,1.5107562291325554,2.6741604678506192,3.0392277996735255,3.245044988298734,3.35881488518094,"[0.49401888854589565, 0.4042423109358975, -0.7697619708774155]","[0.013474013656377792, -1.284948706626892, 3.8235392570495605]","[(0.013474013656377792, -1.284948706626892, 3.8235392570495605), (0.01559731736779213, -1.327370524406433, 3.8387668132781982), (0.015932362526655197, -1.3279472589492798, 3.8394176959991455), (0.015877146273851395, -1.3284716606140137, 3.839480400085449), (-0.013167660683393478, -1.3251243829727173, 3.825760841369629), (-0.012656345963478088, -1.3262357711791992, 3.8250842094421387), (-0.01282966136932373, -1.3276923894882202, 3.8260960578918457), (0.022385772317647934, -1.336836338043213, 3.9658188819885254), (-0.11309056729078293, -1.333287239074707, 3.8962676525115967), (0.013214323669672012, -1.2690786123275757, 3.8724513053894043), (-0.024234646931290627, -1.2669718265533447, 3.8532495498657227), (0.1085464358329773, -1.1865179538726807, 4.08961820602417), (-0.21770747005939484, -1.1739106178283691, 3.974803924560547), (0.19865265488624573, -0.9786362051963806, 4.142906665802002), (-0.2509597837924957, -0.9247854351997375, 4.017031669616699), (0.2983115315437317, -0.770508885383606, 4.055081844329834), (-0.22704774141311646, -0.6941081881523132, 3.9489355087280273), (0.3308124542236328, -0.6933495402336121, 4.036353588104248), (-0.21903763711452484, -0.614918053150177, 3.92283034324646), (0.31993088126182556, -0.686325192451477, 3.9947617053985596), (-0.19357743859291077, -0.619391679763794, 3.889153480529785), (0.2917822003364563, -0.751156210899353, 4.038651943206787), (-0.20834852755069733, -0.6781144738197327, 3.9349310398101807), (0.050832729786634445, -0.7595621347427368, 4.298891544342041), (-0.1611093282699585, -0.7636551260948181, 4.264627933502197), (-0.009691644459962845, -0.34191659092903137, 4.30715799331665), (-0.11023548245429993, -0.3663010895252228, 4.311126708984375), (-0.010231167078018188, 0.01740705966949463, 4.4146528244018555), (-0.09889768809080124, -0.028021156787872314, 4.46983003616333), (-0.0029767267405986786, 0.06245988607406616, 4.414832592010498), (-0.0977642834186554, 0.017002582550048828, 4.47620964050293), (0.05433003231883049, 0.10679709911346436, 4.302948951721191), (-0.08964970707893372, 0.09442293643951416, 4.355869770050049)]",0.9730334516727563
32,32,left,"(0.33951953053474426, -0.7838207483291626, 4.076592922210693)","[0.7752089586015607, 0.0, 4.37705146944696]","[0.7840301151551075, 0.0, 4.0128745392826835]","[0.8289182608112762, 0.0, 3.7362682806372147]","[0.8161753465443287, 0.0, 4.427601570460197]","[0.7752089586015607, 0.0, 4.37705146944696]","[1.7385889085956954, 0.0, 1.547694796970156]","[0.46067301938428473, 0.8287671160418189, 0.3176876399532925]",0.5148212629871779,0.6213853891775112,1.077246967645258,1.5491856472143513,"[0.492074053523783, 0.8676910431633106, -0.07053636978778492]",0.1950326755392436,0.5683937485401253,1.036934979006078,1.4758628364962565,"[0.49698420391540504, 0.7959696389090241, -0.3455995297936746]",0.235947230664484,0.7050482095277393,1.1264226274636566,1.5169328731013196,"[0.4852774596904304, 0.7979983225342201, 0.3573576140912257]",0.5747319068597843,0.6810543900110267,1.1320289941433836,1.6051430864501435,2.576718447782301,2.963253651487559,3.19941637961942,3.34503891025623,"[0.5430215971728143, 0.41029373686908427, -0.7326572148623723]","[0.03206126391887665, -1.2894102334976196, 3.8501811027526855]","[(0.03206126391887665, -1.2894102334976196, 3.8501811027526855), (0.034287698566913605, -1.3317458629608154, 3.865682601928711), (0.03462721407413483, -1.3323328495025635, 3.8663341999053955), (0.03455458581447601, -1.3328430652618408, 3.8663840293884277), (0.006352096796035767, -1.3301026821136475, 3.8506577014923096), (0.006845138967037201, -1.331156849861145, 3.8499069213867188), (0.006719179451465607, -1.332615613937378, 3.8509726524353027), (0.03146784007549286, -1.340552806854248, 3.9912166595458984), (-0.09903067350387573, -1.3393244743347168, 3.911815881729126), (0.02846735715866089, -1.2730211019515991, 3.898296356201172), (-0.008512567728757858, -1.2716161012649536, 3.8763391971588135), (0.11000104993581772, -1.1885385513305664, 4.109493255615234), (-0.21352234482765198, -1.1770858764648438, 3.9888477325439453), (0.21374207735061646, -0.985265851020813, 4.164057731628418), (-0.24936971068382263, -0.9277190566062927, 4.02978515625), (0.33951953053474426, -0.7838207483291626, 4.076592922210693), (-0.22746556997299194, -0.6970391273498535, 3.9651975631713867), (0.3778204619884491, -0.7100976705551147, 4.059256076812744), (-0.22002297639846802, -0.6173656582832336, 3.938666820526123), (0.3695111870765686, -0.7041206359863281, 4.0169525146484375), (-0.19380450248718262, -0.622154712677002, 3.905324935913086), (0.33764103055000305, -0.7652036547660828, 4.05996561050415), (-0.20882835984230042, -0.6808698773384094, 3.9510762691497803), (0.048946112394332886, -0.7602881193161011, 4.306126594543457), (-0.16282039880752563, -0.7645691633224487, 4.271359443664551), (-0.010920457541942596, -0.34270912408828735, 4.316387176513672), (-0.1102125346660614, -0.36694368720054626, 4.320836544036865), (-0.007324539124965668, 0.017236411571502686, 4.41787576675415), (-0.09801307320594788, -0.028509080410003662, 4.480808258056641), (0.0001309700310230255, 0.062284648418426514, 4.417288303375244), (-0.09709198772907257, 0.016568899154663086, 4.486735820770264), (0.05521897226572037, 0.10614615678787231, 4.3057146072387695), (-0.08903443813323975, 0.09359687566757202, 4.365523815155029)]",0.9728068221699108
33,33,left,"(0.36452242732048035, -0.7874695062637329, 4.046549320220947)","[0.8037612243537101, 0.0, 4.336508725286355]","[0.8767410064035898, 0.0, 3.995908917957818]","[0.9476701910675933, -1.1102230246251565e-16, 3.701008512655247]","[0.8393899246382104, 0.0, 4.385975686646559]","[0.8037612243537101, 0.0, 4.336508725286355]","[2.235048413071556, 0.0, 1.8118379966032965]","[0.46374211387651837, 0.8313991749240095, 0.30613504169404476]",0.4844757055545062,0.6301178345215303,1.0932578334797305,1.5631342193427795,"[0.5444697341451528, 0.8370514663687405, -0.0538289071953711]",0.2616627144020244,0.6619212838575832,1.1301725957875564,1.566448832259635,"[0.56124646110109, 0.7578944841966407, -0.3325633183708188]",0.353817647644248,0.8251294201052328,1.2501432633044072,1.6382758860739888,"[0.4844533520316851, 0.803365663236682, 0.34627815529939276]",0.5431539479048485,0.6824956055379652,1.1410944660160007,1.6126694141442532,2.609773733725548,3.041857999751303,3.3472263324622578,3.5624843684028087,"[0.6720287767460543, 0.39887128407504163, -0.6239222884025938]","[0.06140299513936043, -1.290130376815796, 3.829885244369507]","[(0.06140299513936043, -1.290130376815796, 3.829885244369507), (0.059978146106004715, -1.3323650360107422, 3.845053195953369), (0.060287509113550186, -1.3329033851623535, 3.8457114696502686), (0.06022117659449577, -1.3333911895751953, 3.845709800720215), (0.03560728207230568, -1.3308169841766357, 3.8260083198547363), (0.03609431907534599, -1.3318276405334473, 3.825247049331665), (0.03598897531628609, -1.3332279920578003, 3.8262438774108887), (0.037971217185258865, -1.3387372493743896, 3.964219808578491), (-0.07623281329870224, -1.3377082347869873, 3.8659539222717285), (0.05073711648583412, -1.2723076343536377, 3.87508225440979), (0.018377404659986496, -1.2710341215133667, 3.8478808403015137), (0.11053198575973511, -1.1779468059539795, 4.071660041809082), (-0.20335577428340912, -1.1704652309417725, 3.932866096496582), (0.22173543274402618, -0.9802858233451843, 4.131156921386719), (-0.24086856842041016, -0.9211012125015259, 3.9703032970428467), (0.36452242732048035, -0.7874695062637329, 4.046549320220947), (-0.22385549545288086, -0.6883851289749146, 3.9164392948150635), (0.40592944622039795, -0.7174927592277527, 4.0309739112854), (-0.218483105301857, -0.607326865196228, 3.8931262493133545), (0.4001844525337219, -0.7128618955612183, 3.9888503551483154), (-0.19186700880527496, -0.6112751960754395, 3.8574860095977783), (0.36529409885406494, -0.7698679566383362, 4.0296807289123535), (-0.20590980350971222, -0.6713442206382751, 3.9017298221588135), (0.0473901592195034, -0.7456567883491516, 4.239912033081055), (-0.1633434146642685, -0.7500110864639282, 4.200477123260498), (-0.011866975575685501, -0.3281744718551636, 4.256280422210693), (-0.11023920029401779, -0.3518015742301941, 4.251538276672363), (-0.006622958928346634, 0.03185391426086426, 4.3526997566223145), (-0.09711097925901413, -0.01385962963104248, 4.417138576507568), (0.0007378160953521729, 0.07690209150314331, 4.3517255783081055), (-0.0962054431438446, 0.03112250566482544, 4.423671245574951), (0.054786939173936844, 0.1208239197731018, 4.240866661071777), (-0.08411386609077454, 0.10717177391052246, 4.301026821136475)]",0.9721770467180194
34,34,left,"(0.368247389793396, -0.7948160767555237, 4.078129768371582)","[0.8093256606243644, 0.0, 4.374567556739991]","[0.8969463753051079, 0.0, 4.029364660544594]","[0.9755418575700843, 0.0, 3.7324672772237726]","[0.8452363855816416, 0.0, 4.424679218825029]","[0.8093256606243644, 0.0, 4.374567556739991]","[2.2679442309923443, 0.0, 1.7808813051116745]","[0.46132291906070066, 0.831296613080601, 0.3100437153532318]",0.5222335746720629,0.6506431485542667,1.1090555004265403,1.5805277705577554,"[0.5531240333475466, 0.8315353087333465, -0.05101797784193752]",0.29525497203813167,0.6777301575382777,1.149150718579912,1.5898924660762432,"[0.5738337684872624, 0.7510233153426249, -0.32661718564012987]",0.3642066486205543,0.8354774887807636,1.2685678086662064,1.6634116106464838,"[0.48199210422634464, 0.8031528540301878, 0.35018438646893496]",0.5813818215008872,0.7049991088146903,1.1585104953127399,1.631300122670678,2.6543767776559033,3.0868190293015783,3.3923805996578236,3.6071919309388214,"[0.6683568276239392, 0.3938883533413772, -0.6309921679945659]","[0.06671169400215149, -1.2972708940505981, 3.859053373336792]","[(0.06671169400215149, -1.2972708940505981, 3.859053373336792), (0.06541389226913452, -1.3394043445587158, 3.874147653579712), (0.06573234498500824, -1.3399434089660645, 3.87481689453125), (0.06567637622356415, -1.3404302597045898, 3.8748364448547363), (0.041072141379117966, -1.3380272388458252, 3.855506181716919), (0.041569676250219345, -1.3390485048294067, 3.854757785797119), (0.04145302250981331, -1.3404524326324463, 3.8557682037353516), (0.041096579283475876, -1.3449549674987793, 3.9935600757598877), (-0.07032477110624313, -1.3446893692016602, 3.896332263946533), (0.056069109588861465, -1.2790372371673584, 3.9042770862579346), (0.02380157634615898, -1.2780094146728516, 3.8775815963745117), (0.11000296473503113, -1.1830461025238037, 4.101949214935303), (-0.19946394860744476, -1.1769838333129883, 3.9632251262664795), (0.2222040295600891, -0.985954999923706, 4.161255359649658), (-0.23960883915424347, -0.9284056425094604, 4.0014872550964355), (0.368247389793396, -0.7948160767555237, 4.078129768371582), (-0.22451765835285187, -0.6959139704704285, 3.948737621307373), (0.41022971272468567, -0.7251920700073242, 4.062927722930908), (-0.21976153552532196, -0.6142621040344238, 3.9257473945617676), (0.4050569534301758, -0.7202599048614502, 4.020923614501953), (-0.19299180805683136, -0.617610514163971, 3.890049695968628), (0.3694723844528198, -0.7772078514099121, 4.061251163482666), (-0.20674735307693481, -0.6784170866012573, 3.9340686798095703), (0.04567635431885719, -0.7506244778633118, 4.271373271942139), (-0.1645875722169876, -0.7550212740898132, 4.228985786437988), (-0.012677494436502457, -0.33314475417137146, 4.288557529449463), (-0.11066484451293945, -0.355394184589386, 4.280935287475586), (-0.006391681730747223, 0.028223872184753418, 4.382673740386963), (-0.09628957509994507, -0.01882082223892212, 4.447286128997803), (0.0009355321526527405, 0.07336145639419556, 4.381694316864014), (-0.0952693372964859, 0.026064753532409668, 4.4541192054748535), (0.05543486401438713, 0.11681020259857178, 4.270771503448486), (-0.0814698189496994, 0.1017841100692749, 4.332576274871826)]",0.9716022592602354
35,35,left,"(0.3698779046535492, -0.7978987693786621, 4.088833808898926)","[0.8180027968874437, 0.0, 4.389065365031529]","[0.9067765493409209, 0.0, 4.037797585196024]","[0.9803706253678033, 0.0, 3.743945806036988]","[0.8566643027225973, 0.0, 4.43965035590884]","[0.8180027968874437, 0.0, 4.389065365031529]","[2.1229914774468317, 0.0, 1.7730607947329644]","[0.4652852855324444, 0.8284533244418971, 0.31172855545836703]",0.5387311442208101,0.6647139578626056,1.121608179323877,1.5935247576364464,"[0.5574855823159649, 0.8284935424548627, -0.052993165789768586]",0.3079691693776144,0.6867039301926375,1.1588245315625585,1.6006041670009912,"[0.5747378824300251, 0.7511680869342559, -0.3246888844284338]",0.36417197175922045,0.8349191496654584,1.2703939273991784,1.667423177130469,"[0.4875975346526104, 0.7992283153240494, 0.3514011157992791]",0.5993989159842914,0.7220762233970589,1.1741688864423845,1.647266525505678,2.5746240706197905,2.9989767607962956,3.291620651039778,3.494249808070332,"[0.6408906048140414, 0.4041805032224286, -0.6526081163117392]","[0.06474930793046951, -1.2980395555496216, 3.868934154510498]","[(0.06474930793046951, -1.2980395555496216, 3.868934154510498), (0.06466265767812729, -1.3402349948883057, 3.8838846683502197), (0.06497413665056229, -1.3407883644104004, 3.884556531906128), (0.06492399424314499, -1.3412582874298096, 3.8845906257629395), (0.039879210293293, -1.3393317461013794, 3.866528034210205), (0.040365077555179596, -1.3403329849243164, 3.8658018112182617), (0.0402449294924736, -1.341740608215332, 3.8668007850646973), (0.04155947268009186, -1.346524953842163, 4.0040974617004395), (-0.07079263776540756, -1.3472753763198853, 3.9085521697998047), (0.05472228676080704, -1.2800804376602173, 3.914477586746216), (0.021809101104736328, -1.2795966863632202, 3.889437437057495), (0.10891471058130264, -1.185722827911377, 4.113640308380127), (-0.2008761167526245, -1.1798374652862549, 3.9781906604766846), (0.22306576371192932, -0.9897785782814026, 4.1717729568481445), (-0.24073860049247742, -0.932729959487915, 4.017534255981445), (0.3698779046535492, -0.7978987693786621, 4.088833808898926), (-0.2251172959804535, -0.6999104022979736, 3.9639620780944824), (0.4117894172668457, -0.7283244132995605, 4.0734171867370605), (-0.22003474831581116, -0.61797696352005, 3.940884590148926), (0.4063665568828583, -0.7230045199394226, 4.031288146972656), (-0.1929064691066742, -0.6216156482696533, 3.9052209854125977), (0.371100515127182, -0.7801388502120972, 4.07209587097168), (-0.20720568299293518, -0.6824895143508911, 3.9493355751037598), (0.04459472745656967, -0.7532539963722229, 4.286368370056152), (-0.16549155116081238, -0.7576484680175781, 4.243985652923584), (-0.013749700039625168, -0.3357546627521515, 4.3044939041137695), (-0.11166947335004807, -0.35762473940849304, 4.29694938659668), (-0.006294425576925278, 0.02661919593811035, 4.398015022277832), (-0.09625652432441711, -0.020774900913238525, 4.462034225463867), (0.0010303929448127747, 0.07182788848876953, 4.397183418273926), (-0.09514135122299194, 0.024075567722320557, 4.468406677246094), (0.053811438381671906, 0.11528921127319336, 4.28572940826416), (-0.08208693563938141, 0.09943985939025879, 4.345640659332275)]",0.9713073932763302
36,36,left,"(0.37199440598487854, -0.8073431849479675, 4.133982181549072)","[0.8215998110236757, 0.0, 4.4257965925345095]","[0.9270148684420048, 0.0, 4.090615860800715]","[1.0021351075921374, 0.0, 3.793455624509903]","[0.8586799839450663, 0.0, 4.473615822382695]","[0.8215998110236757, 0.0, 4.4257965925345095]","[2.2111731877423204, 0.0, 2.2334745052387364]","[0.4639538151121487, 0.8331082023559756, 0.30112718344592715]",0.5746702017403328,0.6848836571743228,1.1365480845662521,1.6095704512795237,"[0.5659552642766646, 0.8232491529706203, -0.044220707487409215]",0.3540757065014334,0.7044563536935441,1.1795369969084757,1.6275140083463353,"[0.5838545169888189, 0.7480408170583409, -0.31551361144401147]",0.3697799216934669,0.8355080182188177,1.2805462341722689,1.6866071971384111,"[0.4857110341512154, 0.8057265533109574, 0.33895355521575793]",0.6319126781595725,0.7406112920588995,1.1876695274069222,1.6614958600562215,2.2735972448541037,2.722132325033631,3.061646189891378,3.3177325191914426,"[0.7075933323779823, 0.4315934198447477, -0.559498700553395]","[0.07220274209976196, -1.3046555519104004, 3.9247725009918213]","[(0.07220274209976196, -1.3046555519104004, 3.9247725009918213), (0.07086129486560822, -1.3470021486282349, 3.938079595565796), (0.07116472721099854, -1.3475341796875, 3.938730001449585), (0.07110483944416046, -1.3479957580566406, 3.9387495517730713), (0.04832415655255318, -1.3462600708007812, 3.9180545806884766), (0.048814501613378525, -1.347263216972351, 3.917292594909668), (0.04869675263762474, -1.348649501800537, 3.9182848930358887), (0.04048936441540718, -1.354973316192627, 4.05276346206665), (-0.0646519735455513, -1.3571317195892334, 3.948756694793701), (0.058063607662916183, -1.2872850894927979, 3.9684813022613525), (0.02789914235472679, -1.2870852947235107, 3.9401111602783203), (0.1069025844335556, -1.19295072555542, 4.1546950340271), (-0.20168249309062958, -1.1917868852615356, 4.0189208984375), (0.22259919345378876, -0.9987499713897705, 4.214715003967285), (-0.2417319416999817, -0.9416283965110779, 4.059177398681641), (0.37199440598487854, -0.8073431849479675, 4.133982181549072), (-0.2258491963148117, -0.7074121236801147, 4.010931968688965), (0.41398686170578003, -0.7377452850341797, 4.119686126708984), (-0.2208552211523056, -0.6240556240081787, 3.9897103309631348), (0.4094773828983307, -0.7329440116882324, 4.077263832092285), (-0.1940024048089981, -0.6277719736099243, 3.953634738922119), (0.3738720118999481, -0.7897406816482544, 4.117192268371582), (-0.20815256237983704, -0.6898102760314941, 3.9966371059417725), (0.042793113738298416, -0.7574902772903442, 4.31760835647583), (-0.16640077531337738, -0.7618990540504456, 4.274716377258301), (-0.01504308357834816, -0.3399824798107147, 4.33878231048584), (-0.11284619569778442, -0.3618468940258026, 4.327797889709473), (-0.006573908030986786, 0.02239382266998291, 4.437617301940918), (-0.0961262434720993, -0.024847805500030518, 4.491684913635254), (0.00043259188532829285, 0.06759881973266602, 4.437469005584717), (-0.09497610479593277, 0.019948720932006836, 4.497946262359619), (0.05220290645956993, 0.11284518241882324, 4.3263325691223145), (-0.0826677531003952, 0.09520691633224487, 4.375322341918945)]",0.9714212851090864
37,37,left,"(0.3744344115257263, -0.8049726486206055, 4.116838455200195)","[0.8380982623047752, 0.0, 4.423087403581297]","[0.9420760349068616, 0.0, 4.075583789242397]","[1.006690692692931, 1.1102230246251565e-16, 3.7912525054442385]","[0.8780840461810426, 1.1102230246251565e-16, 4.47306284253664]","[0.8380982623047752, 0.0, 4.423087403581297]","[1.927978830585615, 0.0, 2.3046897022092394]","[0.4740271280779187, 0.8229644648073633, 0.3130938701260863]",0.5774464370727939,0.6979920146482625,1.1512492225404125,1.624056331225623,"[0.5757891263723468, 0.8165266235095755, -0.041846804554489726]",0.35781306290974046,0.7196859061351115,1.1941929505266573,1.6403279588325756,"[0.5886268720561233, 0.7494247923856884, -0.3031186006352828]",0.37471536885266715,0.8405330894714585,1.2854494179600058,1.6912410824761785,"[0.4966128883914889, 0.7937259646404994, 0.35124739449420994]",0.6382665585354601,0.7569683971329958,1.205617267004926,1.6793154341726324,2.0327553447287916,2.4710278434342587,2.793844747881762,3.0368240003640645,"[0.6708851712711117, 0.46638010734187857, -0.5765437385353421]","[0.06992276757955551, -1.2916672229766846, 3.901461601257324]","[(0.06992276757955551, -1.2916672229766846, 3.901461601257324), (0.06927991658449173, -1.3336257934570312, 3.9148406982421875), (0.06959908455610275, -1.3342010974884033, 3.9154953956604004), (0.06953898817300797, -1.334656000137329, 3.9155375957489014), (0.046759381890296936, -1.3330864906311035, 3.8961310386657715), (0.047248080372810364, -1.3340998888015747, 3.8953824043273926), (0.04710611701011658, -1.3355108499526978, 3.896374464035034), (0.039649344980716705, -1.3472427129745483, 4.0320210456848145), (-0.06578674167394638, -1.3504786491394043, 3.9244773387908936), (0.0561714842915535, -1.2772611379623413, 3.945727825164795), (0.025675691664218903, -1.2774133682250977, 3.9188475608825684), (0.10251300781965256, -1.190584421157837, 4.136600971221924), (-0.20312434434890747, -1.1895062923431396, 3.9991350173950195), (0.22319364547729492, -0.9975285530090332, 4.194721221923828), (-0.24119827151298523, -0.9395259022712708, 4.039901256561279), (0.3744344115257263, -0.8049726486206055, 4.116838455200195), (-0.22516193985939026, -0.7057293653488159, 3.9931066036224365), (0.41743651032447815, -0.7347347140312195, 4.1003828048706055), (-0.2201908826828003, -0.6219072937965393, 3.972362518310547), (0.412059485912323, -0.7294266819953918, 4.058182239532471), (-0.19384756684303284, -0.6256777048110962, 3.9368505477905273), (0.3760274350643158, -0.787007749080658, 4.1001667976379395), (-0.20774143934249878, -0.6880788207054138, 3.9792258739471436), (0.04233183711767197, -0.7554968595504761, 4.3018951416015625), (-0.16632643342018127, -0.7591843008995056, 4.259421348571777), (-0.015224508941173553, -0.3376273214817047, 4.325103759765625), (-0.11190972477197647, -0.35932955145835876, 4.311192989349365), (-0.0016277246177196503, 0.024554550647735596, 4.424453258514404), (-0.09258243441581726, -0.02093970775604248, 4.465759754180908), (0.0056589096784591675, 0.06980341672897339, 4.424562931060791), (-0.09114783257246017, 0.023859679698944092, 4.470703125), (0.05325490981340408, 0.11547702550888062, 4.313901901245117), (-0.08119501918554306, 0.09868752956390381, 4.347925662994385)]",0.9713712966803348
38,38,left,"(0.37484678626060486, -0.8004481792449951, 4.090537071228027)","[0.8326108194246786, 0.0, 4.39489820793719]","[0.938927438989472, 0.0, 4.043937349400337]","[0.9924325634084263, 0.0, 3.7569905892927684]","[0.873643299319174, 0.0, 4.443494240550146]","[0.8326108194246786, 0.0, 4.39489820793719]","[1.8949778240140254, 0.0, 2.3080953238054436]","[0.4714206929403814, 0.8243282739238091, 0.31344126575389525]",0.5491039818257493,0.6802992854718838,1.1372722260782695,1.6092418401714326,"[0.5753900960568386, 0.8164966348627425, -0.04753401537340993]",0.338795559286467,0.7181095307714156,1.1908691719307547,1.6332455080909136,"[0.5801081798800922, 0.7518737534640549, -0.31330553536137845]",0.3708282823257799,0.840497308889786,1.2790015487642974,1.6786456396341656,"[0.4953182154166704, 0.7948663498988805, 0.35049586484704126]",0.6091984916320651,0.7387486517392342,1.191445672149251,1.6645050069083953,2.0093998481539557,2.445930652731478,2.766040790594649,3.0067416208085063,"[0.6685881402310387, 0.47217450670920175, -0.5744920660516756]","[0.07089759409427643, -1.2882133722305298, 3.875457286834717]","[(0.07089759409427643, -1.2882133722305298, 3.875457286834717), (0.07130444049835205, -1.3300867080688477, 3.8882791996002197), (0.07162413001060486, -1.3306646347045898, 3.8889284133911133), (0.07157593965530396, -1.331118106842041, 3.8890023231506348), (0.04904252663254738, -1.3295924663543701, 3.869689702987671), (0.04951762035489082, -1.3306090831756592, 3.8689401149749756), (0.049389053136110306, -1.3320207595825195, 3.8699636459350586), (0.040546368807554245, -1.3433418273925781, 4.005295276641846), (-0.06224949657917023, -1.3469717502593994, 3.901318073272705), (0.056547392159700394, -1.2737209796905518, 3.919398069381714), (0.026501212269067764, -1.2739331722259521, 3.8927879333496094), (0.10239003598690033, -1.1870728731155396, 4.1130452156066895), (-0.203525111079216, -1.188180923461914, 3.9764881134033203), (0.22545939683914185, -0.9940680265426636, 4.171218395233154), (-0.2414339929819107, -0.9388700723648071, 4.020120143890381), (0.37484678626060486, -0.8004481792449951, 4.090537071228027), (-0.22644160687923431, -0.7047770023345947, 3.973050594329834), (0.41663697361946106, -0.7296978235244751, 4.073563575744629), (-0.22198577225208282, -0.6197967529296875, 3.9526374340057373), (0.4114895164966583, -0.7243160605430603, 4.031469345092773), (-0.19646191596984863, -0.6230828762054443, 3.9168806076049805), (0.376243531703949, -0.7824349999427795, 4.0738420486450195), (-0.20946656167507172, -0.6868614554405212, 3.959160804748535), (0.04217717424035072, -0.7519599199295044, 4.277426719665527), (-0.1665341854095459, -0.7556043863296509, 4.237849712371826), (-0.014279432594776154, -0.33383628726005554, 4.299234867095947), (-0.11175216734409332, -0.3555373251438141, 4.287971496582031), (0.005216117948293686, 0.02991718053817749, 4.396160125732422), (-0.08846594393253326, -0.01585167646408081, 4.442677974700928), (0.012061599642038345, 0.07528787851333618, 4.396044731140137), (-0.08675020933151245, 0.02885216474533081, 4.4475531578063965), (0.05313274636864662, 0.12497484683990479, 4.280939102172852), (-0.08172790706157684, 0.10404294729232788, 4.324384689331055)]",0.9716905969561953
39,39,left,"(0.3761339485645294, -0.8046740889549255, 4.11147403717041)","[0.8419809061669565, 0.0, 4.419259787753092]","[0.9477994133926841, 0.0, 4.06281500463237]","[0.9937531693305758, 1.1102230246251565e-16, 3.7743206939076646]","[0.8851509833364073, 0.0, 4.468679901645231]","[0.8419809061669565, 0.0, 4.419259787753092]","[1.8155160941881536, 0.0, 2.329121171259505]","[0.47563992286305923, 0.8215898276340469, 0.31425597672451744]",0.5751762087305788,0.6996149513635499,1.1537001873223593,1.626362048218024,"[0.5784530896300286, 0.8142283232749181, -0.04923678172250384]",0.355877567510478,0.7258317444231187,1.1997358810789134,1.6443366689316958,"[0.577788243893903, 0.7527797275925587, -0.3154099347574082]",0.36670659694685087,0.8348925758462594,1.2763894203601729,1.679042003419977,"[0.5005311955801015, 0.7912593416003092, 0.3512508741361355]",0.6368438135781617,0.7608989475059295,1.2107230029218414,1.6842859694704968,1.9440821725325326,2.3767652257038576,2.691357686486532,2.9278766268102197,"[0.6523022007848688, 0.4819915655954714, -0.584966639686438]","[0.06862953305244446, -1.2907891273498535, 3.8956809043884277]","[(0.06862953305244446, -1.2907891273498535, 3.8956809043884277), (0.06985566020011902, -1.3325825929641724, 3.908672571182251), (0.0701739639043808, -1.33316969871521, 3.9093258380889893), (0.07012344896793365, -1.3336138725280762, 3.909400463104248), (0.046974800527095795, -1.3325920104980469, 3.8903887271881104), (0.04744359105825424, -1.3336008787155151, 3.8896472454071045), (0.04732386767864227, -1.3350188732147217, 3.890664577484131), (0.04067181050777435, -1.34637451171875, 4.0260090827941895), (-0.06374964863061905, -1.351581335067749, 3.9239113330841064), (0.0548451691865921, -1.2765095233917236, 3.939877510070801), (0.024270817637443542, -1.2773520946502686, 3.913628101348877), (0.10118432343006134, -1.1916921138763428, 4.1348772048950195), (-0.20518341660499573, -1.1935685873031616, 3.9999399185180664), (0.22681069374084473, -0.9992220401763916, 4.192988395690918), (-0.24266283214092255, -0.9446316361427307, 4.0449628829956055), (0.3761339485645294, -0.8046740889549255, 4.11147403717041), (-0.22790691256523132, -0.7095929980278015, 3.996298313140869), (0.4182760715484619, -0.7335836291313171, 4.094335079193115), (-0.22343969345092773, -0.6247497200965881, 3.975414991378784), (0.41273239254951477, -0.7281145453453064, 4.052387714385986), (-0.19786611199378967, -0.627995491027832, 3.9397213459014893), (0.3773580491542816, -0.7865774631500244, 4.094779014587402), (-0.2109127640724182, -0.691657304763794, 3.9824070930480957), (0.040698640048503876, -0.7566496729850769, 4.299945831298828), (-0.16798162460327148, -0.7602919936180115, 4.26131010055542), (-0.01520131528377533, -0.3384934067726135, 4.319387912750244), (-0.11254905164241791, -0.35991334915161133, 4.311737060546875), (0.003966003656387329, 0.026018738746643066, 4.4119110107421875), (-0.08991232514381409, -0.01952052116394043, 4.46741247177124), (0.010594174265861511, 0.07149958610534668, 4.411482810974121), (-0.08835796266794205, 0.025261342525482178, 4.472362041473389), (0.0511530265212059, 0.12227052450180054, 4.2951884269714355), (-0.08390580117702484, 0.10002273321151733, 4.348647594451904)]",0.9718197584152222
40,40,left,"(0.3726361095905304, -0.8093094229698181, 4.119155406951904)","[0.8385777933152014, 0.0, 4.422532558911354]","[0.9433949993431298, 0.0, 4.0734260173979395]","[0.9870500641299538, 1.1102230246251565e-16, 3.7787661096730027]","[0.8816894361149124, 0.0, 4.469712924955651]","[0.8385777933152014, 0.0, 4.422532558911354]","[1.8411128847331482, 0.0, 2.4073950881021515]","[0.47453229347207054, 0.8242307353582049, 0.3089705444585445]",0.5770865510714975,0.6981518322813334,1.151524465009379,1.624311597508188,"[0.575720343290308, 0.8163445321407589, -0.046126902839615076]",0.35774309766969853,0.7210588866047251,1.195471238212175,1.6413463216946524,"[0.5733551542712534, 0.7552265465843445, -0.31764245686758]",0.35903125127561314,0.827025860462181,1.2688881684485367,1.6721385290521573,"[0.4998875369230722, 0.7947373545699401, 0.3442455340017605]",0.6364954391294724,0.7584138945654195,1.2078329040923859,1.6814404603011897,1.8982754893265295,2.3368148216452393,2.6619695427443117,2.910032815865534,"[0.6667121455016686, 0.486482536002234, -0.5646500307317773]","[0.06780856102705002, -1.2939341068267822, 3.9092371463775635]","[(0.06780856102705002, -1.2939341068267822, 3.9092371463775635), (0.06935247033834457, -1.3349809646606445, 3.921247959136963), (0.06965845078229904, -1.3355612754821777, 3.9218850135803223), (0.06961289793252945, -1.3360015153884888, 3.921980381011963), (0.04658118635416031, -1.3351271152496338, 3.902583360671997), (0.04704665392637253, -1.33613920211792, 3.9018313884735107), (0.0469248965382576, -1.3375465869903564, 3.9028663635253906), (0.040297508239746094, -1.3481707572937012, 4.035223484039307), (-0.06360018998384476, -1.3539633750915527, 3.934861898422241), (0.05403353273868561, -1.2795823812484741, 3.9524929523468018), (0.023502811789512634, -1.2806332111358643, 3.92594575881958), (0.10060436278581619, -1.1950377225875854, 4.140950679779053), (-0.20625656843185425, -1.1979038715362549, 4.013152599334717), (0.22566697001457214, -1.0028979778289795, 4.200577259063721), (-0.24289792776107788, -0.9497354626655579, 4.063574314117432), (0.3726361095905304, -0.8093094229698181, 4.119155406951904), (-0.22819659113883972, -0.7155681252479553, 4.0140533447265625), (0.4139191806316376, -0.7379593253135681, 4.103066921234131), (-0.2237497866153717, -0.6303505301475525, 3.9934325218200684), (0.40809667110443115, -0.7332297563552856, 4.060713768005371), (-0.19823509454727173, -0.6337928771972656, 3.9571828842163086), (0.37361636757850647, -0.791713535785675, 4.102578639984131), (-0.21122682094573975, -0.6979442834854126, 4.000051975250244), (0.040372319519519806, -0.7580869197845459, 4.307745456695557), (-0.1682550013065338, -0.7616506814956665, 4.269495964050293), (-0.015506774187088013, -0.33941352367401123, 4.328330039978027), (-0.11235103011131287, -0.3614311218261719, 4.31536340713501), (0.003943517804145813, 0.02535998821258545, 4.424870491027832), (-0.08901655673980713, -0.02036839723587036, 4.464622497558594), (0.01056208461523056, 0.07083666324615479, 4.4249067306518555), (-0.0873834565281868, 0.024375557899475098, 4.468904495239258), (0.05062016099691391, 0.1223263144493103, 4.309262752532959), (-0.08396915346384048, 0.09864979982376099, 4.343740463256836)]",0.9718476299083594
41,41,left,"(0.3715181350708008, -0.8020537495613098, 4.07149076461792)","[0.830294882911725, 0.0, 4.372187012125555]","[0.9342810361648104, 0.0, 4.025952331085549]","[0.9734038030556975, 0.0, 3.7335305287622096]","[0.872959770239092, -1.1102230246251565e-16, 4.419359184620605]","[0.830294882911725, 0.0, 4.372187012125555]","[1.8418235506969276, 0.0, 2.342807037932041]","[0.47214234479397077, 0.8254200757793796, 0.3094564666521198]",0.5270413277357434,0.6685044799214085,1.1284338432653458,1.599573614572826,"[0.5737504186041924, 0.8177132388422859, -0.04642753680277174]",0.32632103224951736,0.7150116057164496,1.1865024049783923,1.6266423496529638,"[0.568785964935005, 0.7579461351876149, -0.3193746737722217]",0.3618268378466988,0.8330990070521417,1.266232990846931,1.6612014245952915,"[0.49753971365813027, 0.795812642803854, 0.34516151420245456]",0.5866781427942767,0.7270665993629997,1.1831060321534517,1.6554832674687412,1.94924331918757,2.3843592185551556,2.7029242618215035,2.943305458058872,"[0.6651838010735015, 0.48252582146574663, -0.5698239573835193]","[0.06890851259231567, -1.286076545715332, 3.8615593910217285]","[(0.06890851259231567, -1.286076545715332, 3.8615593910217285), (0.07055874168872833, -1.3271013498306274, 3.8737905025482178), (0.07085731625556946, -1.3276822566986084, 3.8744285106658936), (0.07081809639930725, -1.3281199932098389, 3.874528408050537), (0.04752672463655472, -1.3273251056671143, 3.8550984859466553), (0.04798910766839981, -1.3283350467681885, 3.8543431758880615), (0.047879986464977264, -1.3297405242919922, 3.8553900718688965), (0.04160143435001373, -1.3401994705200195, 3.988398790359497), (-0.06304120272397995, -1.346327543258667, 3.8886845111846924), (0.05504012852907181, -1.2716584205627441, 3.905179023742676), (0.024348139762878418, -1.2727761268615723, 3.8785903453826904), (0.10114732384681702, -1.1873881816864014, 4.093369007110596), (-0.20680181682109833, -1.1907868385314941, 3.967980146408081), (0.2262434959411621, -0.9956421256065369, 4.15306282043457), (-0.24356341361999512, -0.9444488286972046, 4.01840353012085), (0.3715181350708008, -0.8020537495613098, 4.07149076461792), (-0.22867700457572937, -0.7099753618240356, 3.967480182647705), (0.4119405448436737, -0.7308289408683777, 4.055672645568848), (-0.22421199083328247, -0.6246306896209717, 3.946345567703247), (0.4062897861003876, -0.7266627550125122, 4.0132927894592285), (-0.19871008396148682, -0.6285659074783325, 3.9103379249572754), (0.3724668622016907, -0.7847588062286377, 4.054937839508057), (-0.21169915795326233, -0.6926023364067078, 3.9535083770751953), (0.03991871327161789, -0.7499691843986511, 4.261707305908203), (-0.1686943769454956, -0.7534323930740356, 4.223525524139404), (-0.014601461589336395, -0.3309157192707062, 4.284339427947998), (-0.11153028160333633, -0.35314783453941345, 4.2682929039001465), (0.007180795073509216, 0.03416711091995239, 4.383286476135254), (-0.08677741885185242, -0.011364579200744629, 4.417358875274658), (0.014060959219932556, 0.07967650890350342, 4.383599281311035), (-0.08489999175071716, 0.03335517644882202, 4.421652317047119), (0.05342639982700348, 0.1320476531982422, 4.268487930297852), (-0.08224733173847198, 0.1085968017578125, 4.296392440795898)]",0.9724756316705183
42,42,left,"(0.3709797263145447, -0.8057175278663635, 4.059223651885986)","[0.8407091657989089, 0.0, 4.374086442408954]","[0.939008284516458, 0.0, 4.021989285035429]","[0.9774544839739269, 0.0, 3.7310078025282922]","[0.8838945427343193, 0.0, 4.421475981505123]","[0.8407091657989089, 0.0, 4.374086442408954]","[1.8756544712030212, 0.0, 2.282616990032997]","[0.47719262345660024, 0.8185189783071168, 0.31986541274367397]",0.5325831308627664,0.6787059510039232,1.1389457776130758,1.6100426632727676,"[0.5757896584444857, 0.8167262252472893, -0.0377431082675573]",0.32880953619272363,0.720083103964136,1.1913191139073716,1.6309326433023061,"[0.5718615602379352, 0.7597329926392242, -0.3094836600172662]",0.3665419613241467,0.8378259549823729,1.2707853247115877,1.6654269472133632,"[0.5021127938995128, 0.7887490594143639, 0.35462326978835107]",0.5929727099135916,0.7377420126803843,1.1941452826328403,1.6664848133836787,2.0175342111270416,2.451564516628287,2.767310210919331,3.003448525090697,"[0.6667848427918956, 0.47305868681104285, -0.5758588822407785]","[0.06706397980451584, -1.283126711845398, 3.8445794582366943]","[(0.06706397980451584, -1.283126711845398, 3.8445794582366943), (0.06847397238016129, -1.3234493732452393, 3.856036424636841), (0.06877412647008896, -1.324084758758545, 3.8566532135009766), (0.06873368471860886, -1.3245126008987427, 3.8568642139434814), (0.04530390352010727, -1.3237719535827637, 3.837761163711548), (0.045769162476062775, -1.3248132467269897, 3.837021589279175), (0.04566067457199097, -1.3262522220611572, 3.83813214302063), (0.04126325994729996, -1.3353421688079834, 3.9710333347320557), (-0.06486083567142487, -1.343177080154419, 3.8765499591827393), (0.05335202068090439, -1.2686797380447388, 3.888791084289551), (0.022567160427570343, -1.270120620727539, 3.863037109375), (0.10088180750608444, -1.188836693763733, 4.076928615570068), (-0.20816680788993835, -1.1941468715667725, 3.9655988216400146), (0.2261980175971985, -0.9980638027191162, 4.137577533721924), (-0.24487027525901794, -0.9498137831687927, 4.01989221572876), (0.3709797263145447, -0.8057175278663635, 4.059223651885986), (-0.23052895069122314, -0.7159972786903381, 3.9683191776275635), (0.41110944747924805, -0.7349505424499512, 4.0455498695373535), (-0.2259034514427185, -0.6307121515274048, 3.9474430084228516), (0.40578368306159973, -0.7305269241333008, 4.002281665802002), (-0.20099011063575745, -0.63460773229599, 3.911904811859131), (0.3718886077404022, -0.7885467410087585, 4.042812347412109), (-0.21364110708236694, -0.698692798614502, 3.9545891284942627), (0.03886440396308899, -0.7562447786331177, 4.267665863037109), (-0.17020651698112488, -0.7594537138938904, 4.232598781585693), (-0.014519620686769485, -0.3370281755924225, 4.289826393127441), (-0.11171123385429382, -0.35923975706100464, 4.274211406707764), (0.010066792368888855, 0.028010308742523193, 4.388360977172852), (-0.0859837457537651, -0.016191184520721436, 4.416244029998779), (0.017056703567504883, 0.0735275149345398, 4.388572692871094), (-0.08394312113523483, 0.028613567352294922, 4.419826030731201), (0.05263557285070419, 0.12582826614379883, 4.271528244018555), (-0.08370234072208405, 0.10367965698242188, 4.2943196296691895)]",0.9724138902895378
43,43,left,"(0.3701246678829193, -0.8061079382896423, 4.061705112457275)","[0.84014806697392, 0.0, 4.37688530059899]","[0.9377501929891361, 0.0, 4.019019077211801]","[0.9748080972216703, -1.1102230246251565e-16, 3.717025551070878]","[0.8829374294132947, -1.1102230246251565e-16, 4.425224895226927]","[0.84014806697392, 0.0, 4.37688530059899]","[1.8903171674536041, 0.0, 2.220591335026554]","[0.4772191003693276, 0.8184488386219196, 0.3200053574569036]",0.5349742057953555,0.6793546769102264,1.1392008211071893,1.6104164206778755,"[0.5752016909747925, 0.8168671574902149, -0.04325577087043797]",0.32640330736998546,0.7191458244675504,1.1901441130874522,1.6293795821526762,"[0.5677700944916371, 0.7568984994241819, -0.323638349659584]",0.37007368339556596,0.841640350532053,1.2718503405523227,1.6638891499609612,"[0.5016657868535522, 0.7885856271285764, 0.3556179789983015]",0.5960128785801051,0.73855771446245,1.1943991557138036,1.6668635470423976,2.0757641953784414,2.507473736089435,2.818516373502568,3.0487476271413723,"[0.6608314580254282, 0.4650072731536936, -0.5891264889632387]","[0.06652363389730453, -1.283348798751831, 3.8464901447296143]","[(0.06652363389730453, -1.283348798751831, 3.8464901447296143), (0.06775283068418503, -1.3235279321670532, 3.8585405349731445), (0.06805580109357834, -1.3241674900054932, 3.8591489791870117), (0.0680117979645729, -1.324601173400879, 3.859316825866699), (0.044679030776023865, -1.3240132331848145, 3.840251922607422), (0.045143358409404755, -1.3250457048416138, 3.8394978046417236), (0.04502478986978531, -1.3264776468276978, 3.840606927871704), (0.040953487157821655, -1.3355116844177246, 3.976025342941284), (-0.06550721824169159, -1.3441094160079956, 3.8809845447540283), (0.05293504148721695, -1.2688863277435303, 3.891348361968994), (0.021995626389980316, -1.2701570987701416, 3.8654704093933105), (0.10063300281763077, -1.188823938369751, 4.081971168518066), (-0.2089759111404419, -1.194164514541626, 3.970338821411133), (0.225746750831604, -0.998579204082489, 4.144002914428711), (-0.24640530347824097, -0.9505691528320312, 4.0244245529174805), (0.3701246678829193, -0.8061079382896423, 4.061705112457275), (-0.2316729724407196, -0.7172286510467529, 3.9707465171813965), (0.41007331013679504, -0.7351258993148804, 4.046977519989014), (-0.2269715666770935, -0.6319977045059204, 3.9489667415618896), (0.40443748235702515, -0.7311108112335205, 4.00344181060791), (-0.20173326134681702, -0.6360893845558167, 3.913408041000366), (0.37087756395339966, -0.7890629172325134, 4.045192241668701), (-0.2145978808403015, -0.6999987363815308, 3.956907272338867), (0.03860495984554291, -0.7561495900154114, 4.2676286697387695), (-0.17046859860420227, -0.7593010067939758, 4.232629776000977), (-0.01477215439081192, -0.33695530891418457, 4.282547950744629), (-0.11118349432945251, -0.35889318585395813, 4.272237777709961), (0.00942261517047882, 0.028414487838745117, 4.369918346405029), (-0.08636163175106049, -0.013191401958465576, 4.411216735839844), (0.016407407820224762, 0.07394957542419434, 4.368736267089844), (-0.08442504703998566, 0.03190416097640991, 4.414310455322266), (0.05214636027812958, 0.1258895993232727, 4.250359535217285), (-0.0839792937040329, 0.10445636510848999, 4.287670135498047)]",0.9724345062718247
44,44,left,"(0.369772732257843, -0.8100784420967102, 4.076539039611816)","[0.8416742196059112, 0.0, 4.382438147177055]","[0.9398299707999295, 0.0, 4.029439490680361]","[0.974559340798097, -1.1102230246251565e-16, 3.730296517198254]","[0.8851655666308481, 0.0, 4.430575413189939]","[0.8416742196059112, 0.0, 4.382438147177055]","[1.879927575873951, 0.0, 2.2752474861010548]","[0.4785289833271093, 0.8214553751254123, 0.3101952269031413]",0.5406930841511548,0.6830518651674522,1.1422510319472732,1.6136666218422404,"[0.5748453185700907, 0.816882531488926, -0.04749515202938916]",0.33282607926770363,0.7201798856762447,1.1919689714445714,1.6325292160484999,"[0.565968616500378, 0.758083873974767, -0.3240190814690666]",0.3641980611880082,0.8355418277494697,1.2681689506975105,1.6625932372688044,"[0.5036442123965423, 0.7916123231428944, 0.3459659479887818]",0.6018025910665957,0.7429405059536934,1.198188933765088,1.6707929279047522,2.025978985673685,2.459887971006893,2.7753093553117916,3.010949992798853,"[0.6630764170666442, 0.47075892104199285, -0.5819928722840516]","[0.06567476689815521, -1.2880501747131348, 3.8676464557647705]","[(0.06567476689815521, -1.2880501747131348, 3.8676464557647705), (0.06703688204288483, -1.3286056518554688, 3.8798787593841553), (0.06733967363834381, -1.3292429447174072, 3.8804938793182373), (0.0672965943813324, -1.3296630382537842, 3.8806326389312744), (0.0437755212187767, -1.328851342201233, 3.8610827922821045), (0.04424109309911728, -1.329886555671692, 3.860334634780884), (0.04412055015563965, -1.3313183784484863, 3.861412525177002), (0.040199652314186096, -1.3407764434814453, 3.996258497238159), (-0.0661027729511261, -1.3483357429504395, 3.8993723392486572), (0.05244375765323639, -1.2734826803207397, 3.9120748043060303), (0.02131664752960205, -1.2745096683502197, 3.8855807781219482), (0.10015605390071869, -1.1932165622711182, 4.098815441131592), (-0.20992763340473175, -1.1974318027496338, 3.9873762130737305), (0.22541317343711853, -1.0034401416778564, 4.159185409545898), (-0.24729986488819122, -0.9538419842720032, 4.039487838745117), (0.369772732257843, -0.8100784420967102, 4.076539039611816), (-0.23187057673931122, -0.7198417782783508, 3.985499382019043), (0.409785658121109, -0.7385120391845703, 4.0613932609558105), (-0.22699272632598877, -0.6343540549278259, 3.9636447429656982), (0.4037531316280365, -0.7344369292259216, 4.018065929412842), (-0.20127198100090027, -0.6383808851242065, 3.9281163215637207), (0.370369553565979, -0.7928019165992737, 4.06002950668335), (-0.21465013921260834, -0.7024999260902405, 3.9716625213623047), (0.038352929055690765, -0.758441686630249, 4.282081604003906), (-0.17071816325187683, -0.7613967061042786, 4.248169898986816), (-0.015094812959432602, -0.33963221311569214, 4.297615051269531), (-0.1109999343752861, -0.36100250482559204, 4.288823127746582), (0.009032398462295532, 0.025519251823425293, 4.386582851409912), (-0.08619280904531479, -0.015392780303955078, 4.428735733032227), (0.016087092459201813, 0.07100743055343628, 4.385618686676025), (-0.08431708812713623, 0.029684484004974365, 4.4317827224731445), (0.05172257870435715, 0.12194287776947021, 4.268116474151611), (-0.08409016579389572, 0.1020352840423584, 4.305251121520996)]",0.9723353295615225
45,45,left,"(0.3691790699958801, -0.8128780722618103, 4.094244956970215)","[0.8425997592656963, 0.0, 4.395653966964537]","[0.9400271682587148, 0.0, 4.0457243892603145]","[0.9735055261240646, 0.0, 3.7370365900141436]","[0.8868829325400582, 0.0, 4.444392893530656]","[0.8425997592656963, 0.0, 4.395653966964537]","[1.8364589102025217, 0.0, 2.346692533948297]","[0.4792686251100901, 0.8229191602841451, 0.30513216910434326]",0.5533277513294452,0.6895446116985124,1.1470144269839586,1.618906816316367,"[0.5740160647033145, 0.8173892030879687, -0.04878983641841626]",0.3406207748333989,0.7190760710016881,1.1919552582793802,1.6345453399538645,"[0.5626624439637832, 0.7568359090444724, -0.3325813899386579]",0.36051493158494546,0.8316751581265314,1.2654513483916023,1.6610501965700057,"[0.5048927658795, 0.7927625963811284, 0.34148317783106175]",0.6151466264233612,0.7507934490985432,1.2042364133202492,1.6772107647622385,1.9428821012574982,2.3778696443996115,2.6963132566142756,2.9367069138336306,"[0.6610608070177559, 0.4815429685188475, -0.5754259108652388]","[0.06510324031114578, -1.2903258800506592, 3.8885838985443115]","[(0.06510324031114578, -1.2903258800506592, 3.8885838985443115), (0.06653732806444168, -1.3313865661621094, 3.9011502265930176), (0.06684129685163498, -1.3320014476776123, 3.9017579555511475), (0.06679920107126236, -1.3324213027954102, 3.901860475540161), (0.043166451156139374, -1.3314690589904785, 3.8815383911132812), (0.04363395273685455, -1.332488775253296, 3.8807778358459473), (0.04351182281970978, -1.3339035511016846, 3.8818202018737793), (0.03974473476409912, -1.3449937105178833, 4.017457962036133), (-0.06634934991598129, -1.3514564037322998, 3.916933059692383), (0.05208653211593628, -1.2760462760925293, 3.9332149028778076), (0.020854592323303223, -1.276854395866394, 3.905607223510742), (0.09987544268369675, -1.1963618993759155, 4.117135047912598), (-0.2106127142906189, -1.1993893384933472, 4.0016093254089355), (0.2251514196395874, -1.006609320640564, 4.179377555847168), (-0.24730989336967468, -0.9552804231643677, 4.053189754486084), (0.3691790699958801, -0.8128780722618103, 4.094244956970215), (-0.23194792866706848, -0.7224603295326233, 3.998467206954956), (0.40909746289253235, -0.7413850426673889, 4.078222274780273), (-0.2270999252796173, -0.6373022794723511, 3.9759461879730225), (0.4030348062515259, -0.7377572059631348, 4.0344414710998535), (-0.20142990350723267, -0.6417897939682007, 3.939709186553955), (0.36973342299461365, -0.7957432270050049, 4.077523231506348), (-0.21474575996398926, -0.7054004669189453, 3.9842233657836914), (0.03811921179294586, -0.7588213086128235, 4.290587425231934), (-0.17068921029567719, -0.7616972923278809, 4.255636215209961), (-0.015205588191747665, -0.33992332220077515, 4.310074806213379), (-0.11147241294384003, -0.3614058792591095, 4.294301509857178), (0.008566677570343018, 0.025154054164886475, 4.405023097991943), (-0.08641743659973145, -0.015749812126159668, 4.4355621337890625), (0.015612892806529999, 0.0706222653388977, 4.404874324798584), (-0.0845174789428711, 0.029317736625671387, 4.438849449157715), (0.05429290235042572, 0.12116283178329468, 4.2925825119018555), (-0.0821622908115387, 0.10167908668518066, 4.313102722167969)]",0.972620326461214
46,46,left,"(0.36938896775245667, -0.8088721632957458, 4.078548431396484)","[0.8399335488510002, 0.0, 4.378873401128464]","[0.9371249506172835, 0.0, 4.032785473140056]","[0.9707826512017486, 0.0, 3.7292023059611883]","[0.8840585900683398, 0.0, 4.427082759742658]","[0.8399335488510002, 0.0, 4.378873401128464]","[1.8215238623779555, 0.0, 2.3875712354448444]","[0.4787831523731817, 0.8230343728654002, 0.30558323593688197]",0.5367427232043046,0.6799884445442352,1.1395623920433784,1.6108589562640991,"[0.5738828872473007, 0.8176298605273612, -0.046258435973451695]",0.3319467783824686,0.7172022835387046,1.1892062585209011,1.6302013990572672,"[0.5637536933056123, 0.758246523067325, -0.3274812720455848]",0.36122400045822856,0.8326418957399069,1.264800915722532,1.658910070048045,"[0.5045210426908293, 0.7929223127513163, 0.3416617090387244]",0.5981628841374531,0.7403859959585888,1.1960428550104834,1.6685531085601562,1.9014973849181531,2.3377613658452407,2.6589773387514586,2.9030264473295007,"[0.666403726324664, 0.48831742925764754, -0.563428932363084]","[0.06516768783330917, -1.286996603012085, 3.8725297451019287]","[(0.06516768783330917, -1.286996603012085, 3.8725297451019287), (0.06650815159082413, -1.3284012079238892, 3.8848230838775635), (0.06681186705827713, -1.3290060758590698, 3.8854286670684814), (0.06677127629518509, -1.3294286727905273, 3.8855321407318115), (0.0431244820356369, -1.3283569812774658, 3.864755630493164), (0.0435933843255043, -1.3293763399124146, 3.8639841079711914), (0.04346954822540283, -1.3307862281799316, 3.865039587020874), (0.03950008004903793, -1.3421390056610107, 4.000661849975586), (-0.06645836681127548, -1.348305106163025, 3.898042678833008), (0.05214806646108627, -1.2727211713790894, 3.917086362838745), (0.020955681800842285, -1.2734242677688599, 3.8888583183288574), (0.09983649104833603, -1.1929124593734741, 4.100275993347168), (-0.21040821075439453, -1.1963587999343872, 3.9832053184509277), (0.2252594232559204, -1.0027258396148682, 4.1622724533081055), (-0.24645745754241943, -0.9516597986221313, 4.0350022315979), (0.36938896775245667, -0.8088721632957458, 4.078548431396484), (-0.23071041703224182, -0.7183713912963867, 3.98254656791687), (0.40941497683525085, -0.7378233075141907, 4.062756538391113), (-0.22578167915344238, -0.6331269145011902, 3.960254430770874), (0.4038190245628357, -0.7340882420539856, 4.019031047821045), (-0.20043635368347168, -0.6372024416923523, 3.92403244972229), (0.37014850974082947, -0.7917397022247314, 4.061842441558838), (-0.21365994215011597, -0.7012020945549011, 3.9683916568756104), (0.03836561739444733, -0.7563087940216064, 4.274895668029785), (-0.1704336702823639, -0.7591635584831238, 4.240325450897217), (-0.015225589275360107, -0.3372859060764313, 4.294455528259277), (-0.11117564141750336, -0.35871532559394836, 4.2798638343811035), (0.008684717118740082, 0.027692854404449463, 4.389110088348389), (-0.08597952872514725, -0.013194561004638672, 4.424627780914307), (0.015690162777900696, 0.07315009832382202, 4.38892126083374), (-0.08411993831396103, 0.031852006912231445, 4.428463459014893), (0.05274815112352371, 0.12379193305969238, 4.275261878967285), (-0.08208785206079483, 0.10448509454727173, 4.302506923675537)]",0.9725315606955326
47,47,left,"(0.3698417544364929, -0.8086543679237366, 4.0840911865234375)","[0.8406549851333831, 0.0, 4.39055889564561]","[0.9385988536770425, 0.0, 4.040881430143516]","[0.9720265877829717, 0.0, 3.7361634245937676]","[0.8848345685885658, -1.1102230246251565e-16, 4.439537926240601]","[0.8406549851333831, 0.0, 4.39055889564561]","[1.822770668995158, 0.0, 2.3630428647626935]","[0.4781593333831831, 0.8212718086351927, 0.3112495272922182]",0.5478799095317973,0.685595381999001,1.1436471289161902,1.6153776147675316,"[0.5747444755845299, 0.817167172492555, -0.04366463083076124]",0.33703973278001464,0.7180073618516606,1.1905681880034575,1.6325683870776722,"[0.5645918488638031, 0.7581719754392453, -0.3262074491103856]",0.3595101494922885,0.8307236397391575,1.2642395316195838,1.6596373844278367,"[0.503666326391649, 0.7908692385995886, 0.3476292264698814]",0.6098818720257387,0.7467396646105641,1.2007303808494123,1.6735914576602169,1.921574017144594,2.3565801336782255,2.675374897098836,2.916573151116844,"[0.6629877255520238, 0.4855088049711077, -0.5698495205428195]","[0.06512083113193512, -1.2871346473693848, 3.8737735748291016]","[(0.06512083113193512, -1.2871346473693848, 3.8737735748291016), (0.06652984023094177, -1.3284759521484375, 3.886247158050537), (0.06683643162250519, -1.3290870189666748, 3.886855125427246), (0.0667959600687027, -1.3295094966888428, 3.886939764022827), (0.04310048371553421, -1.3284151554107666, 3.8661680221557617), (0.043569415807724, -1.3294317722320557, 3.865388870239258), (0.043445706367492676, -1.3308467864990234, 3.8664228916168213), (0.03920876979827881, -1.342339038848877, 4.002624034881592), (-0.06671521812677383, -1.3484749794006348, 3.8997278213500977), (0.05223975330591202, -1.2728006839752197, 3.91857647895813), (0.020987503230571747, -1.2734968662261963, 3.8903279304504395), (0.09960228204727173, -1.1928787231445312, 4.104621887207031), (-0.2103251963853836, -1.196349859237671, 3.983494758605957), (0.22532793879508972, -1.0027172565460205, 4.167587757110596), (-0.24630206823349, -0.9516348838806152, 4.035159111022949), (0.3698417544364929, -0.8086543679237366, 4.0840911865234375), (-0.23072360455989838, -0.7183114886283875, 3.9831700325012207), (0.409932941198349, -0.7376016974449158, 4.068661212921143), (-0.22596383094787598, -0.6331127285957336, 3.9609265327453613), (0.4041604995727539, -0.7338178753852844, 4.0248847007751465), (-0.20075711607933044, -0.6371739506721497, 3.924617052078247), (0.3706033527851105, -0.7914918661117554, 4.0672783851623535), (-0.21372681856155396, -0.7011440992355347, 3.9690113067626953), (0.03824525326490402, -0.7562918663024902, 4.276604175567627), (-0.16996027529239655, -0.759129524230957, 4.238603115081787), (-0.015258673578500748, -0.337228000164032, 4.296290874481201), (-0.11121465265750885, -0.3587052524089813, 4.276001453399658), (0.005047537386417389, 0.02766096591949463, 4.3907084465026855), (-0.08805139362812042, -0.013053297996520996, 4.420902729034424), (0.012025363743305206, 0.07310652732849121, 4.390453815460205), (-0.08626198768615723, 0.03203779458999634, 4.424690246582031), (0.052770085632801056, 0.12326937913894653, 4.277976036071777), (-0.08160936832427979, 0.10442721843719482, 4.297955513000488)]",0.9723010731465889
